id,suhu,humidity,gas,created_at
10999,31.2,82.4,18735.0,2026-04-27 22:21:39
11000,31.2,82.3,18735.0,2026-04-27 22:21:41
11001,31.2,82.4,20004.2,2026-04-27 22:21:43
11002,31.2,82.3,20223.7,2026-04-27 22:21:45
11003,31.2,82.4,21826.8,2026-04-27 22:21:47
11004,31.2,82.4,16975.4,2026-04-27 22:21:49
11005,31.2,82.4,18329.4,2026-04-27 22:21:51
11006,31.2,82.5,19572.2,2026-04-27 22:21:53
11007,31.2,83.0,19572.2,2026-04-27 22:21:55
11008,31.2,83.1,19359.6,2026-04-27 22:21:57
11009,31.2,83.1,5298.49,2026-04-27 22:21:59
11010,31.2,83.0,23046.8,2026-04-27 22:22:01
11011,31.3,82.8,20669.7,2026-04-27 22:22:03
11012,31.2,82.7,13764.5,2026-04-27 22:22:05
11013,31.2,82.6,20004.2,2026-04-27 22:22:07
11014,31.2,82.9,19572.2,2026-04-27 22:22:09
11015,31.2,82.8,17543.5,2026-04-27 22:22:12
11016,31.2,82.7,22307.1,2026-04-27 22:22:14
11017,31.2,82.8,18531.1,2026-04-27 22:22:16
11018,31.2,82.6,19359.6,2026-04-27 22:22:18
11019,31.2,82.4,18735.0,2026-04-27 22:22:20
11020,31.2,82.6,19149.2,2026-04-27 22:22:22
11021,31.3,82.8,17736.9,2026-04-27 22:22:24
11022,31.2,82.9,12592.5,2026-04-27 22:22:26
11023,31.2,83.0,17543.5,2026-04-27 22:22:28
11024,31.3,82.9,19572.2,2026-04-27 22:22:30
11025,31.2,82.9,18329.4,2026-04-27 22:22:32
11026,31.2,83.0,19572.2,2026-04-27 22:22:37
11027,31.2,83.4,19787.1,2026-04-27 22:22:41
11028,31.2,83.6,26253.8,2026-04-27 22:22:49
11029,31.3,83.5,19572.2,2026-04-27 22:22:55
11030,31.2,83.3,17543.5,2026-04-27 22:22:59
11031,31.2,82.2,24867.5,2026-04-27 22:23:35
11032,31.2,82.3,13918.0,2026-04-27 22:23:37
11033,31.2,82.2,7378.78,2026-04-27 22:23:39
11034,31.2,82.3,18329.4,2026-04-27 22:23:41
11035,31.2,82.2,29899.6,2026-04-27 22:23:43
11036,31.2,82.2,19787.1,2026-04-27 22:23:45
11037,31.2,82.2,22065.6,2026-04-27 22:23:47
11038,31.2,82.2,22065.6,2026-04-27 22:23:49
11039,31.2,82.2,18531.1,2026-04-27 22:23:51
11040,31.2,82.1,24070.6,2026-04-27 22:23:53
11041,31.2,82.2,21125.2,2026-04-27 22:23:55
11042,31.2,82.2,19572.2,2026-04-27 22:23:57
11043,31.2,82.1,22307.1,2026-04-27 22:23:59
11044,31.2,82.2,20223.7,2026-04-27 22:24:01
11045,31.2,82.2,18941.0,2026-04-27 22:24:03
11046,31.2,82.0,23298.7,2026-04-27 22:24:05
11047,31.3,82.3,19572.2,2026-04-27 22:24:07
11048,31.2,82.2,9288.96,2026-04-27 22:24:09
11049,31.2,82.1,19572.2,2026-04-27 22:24:11
11050,31.3,82.2,22797.6,2026-04-27 22:24:13
11051,31.2,82.0,19572.2,2026-04-27 22:24:15
11052,31.2,82.2,23810.6,2026-04-27 22:24:17
11053,31.2,82.2,17352.1,2026-04-27 22:24:19
11054,31.2,82.2,20896.2,2026-04-27 22:24:21
11055,31.2,82.3,27716.1,2026-04-27 22:24:23
11056,31.3,82.4,12876.4,2026-04-27 22:24:25
11057,31.2,82.3,44646.5,2026-04-27 22:24:26
11058,31.2,82.4,45134.1,2026-04-27 22:24:28
11059,31.3,83.0,51428.9,2026-04-27 22:24:30
11060,31.2,83.1,61933.0,2026-04-27 22:24:32
11061,31.2,82.8,40933.9,2026-04-27 22:24:34
11062,31.2,82.7,40055.8,2026-04-27 22:24:36
11063,31.2,82.5,32605.2,2026-04-27 22:24:38
11064,31.2,82.4,32254.0,2026-04-27 22:24:40
11065,31.2,82.3,37943.0,2026-04-27 22:24:42
11066,31.2,82.3,38356.3,2026-04-27 22:24:44
11067,31.2,82.3,32605.2,2026-04-27 22:24:47
11068,31.3,82.3,29577.5,2026-04-27 22:24:49
11069,31.3,82.3,29577.5,2026-04-27 22:24:52
11070,31.3,82.3,41831.6,2026-04-27 22:24:55
11071,31.3,82.3,31223.2,2026-04-27 22:25:01
11072,31.3,82.3,39196.7,2026-04-27 22:25:03
11073,31.3,82.2,46629.8,2026-04-27 22:25:05
11074,31.3,82.1,31563.1,2026-04-27 22:25:10
11075,31.3,82.1,32605.2,2026-04-27 22:25:11
11076,31.3,82.1,28323.3,2026-04-27 22:25:12
11077,31.2,82.2,32960.1,2026-04-27 22:25:14
11078,31.3,82.2,29899.6,2026-04-27 22:25:16
11079,31.3,82.1,42287.9,2026-04-27 22:25:19
11080,31.3,82.1,32605.2,2026-04-27 22:25:21
11081,31.3,82.1,31223.2,2026-04-27 22:25:23
11082,31.3,82.0,32605.2,2026-04-27 22:25:25
11083,31.3,82.0,39196.7,2026-04-27 22:25:27
11084,31.3,82.1,29258.9,2026-04-27 22:25:29
11085,31.3,82.2,55511.0,2026-04-27 22:25:32
11086,31.3,82.2,41380.3,2026-04-27 22:25:35
11087,31.3,82.1,29899.6,2026-04-27 22:25:37
11088,31.3,82.0,39196.7,2026-04-27 22:25:39
11089,31.3,82.0,39196.7,2026-04-27 22:25:42
11090,31.3,82.0,45627.2,2026-04-27 22:25:45
11091,31.3,82.0,39196.7,2026-04-27 22:25:47
11092,31.3,82.1,50320.3,2026-04-27 22:25:49
11093,31.3,82.3,40492.4,2026-04-27 22:25:52
11094,31.3,82.2,41831.6,2026-04-27 22:25:55
11095,31.3,82.2,43215.7,2026-04-27 22:25:57
11096,31.3,82.2,47139.6,2026-04-27 22:25:59
11097,31.3,82.1,38774.2,2026-04-27 22:26:00
11098,31.3,82.0,41831.6,2026-04-27 22:26:02
11099,31.3,82.0,55511.0,2026-04-27 22:26:04
11100,31.3,82.0,43687.4,2026-04-27 22:26:06
11101,31.3,81.9,38774.2,2026-04-27 22:26:08
11102,31.3,82.0,42287.9,2026-04-27 22:26:10
11103,31.3,82.0,41380.3,2026-04-27 22:26:12
11104,31.3,82.1,43215.7,2026-04-27 22:26:14
11105,31.3,82.1,32960.1,2026-04-27 22:26:16
11106,31.3,82.0,35942.6,2026-04-27 22:26:19
11107,31.3,82.1,47139.6,2026-04-27 22:26:22
11108,31.3,82.1,38774.2,2026-04-27 22:26:24
11109,31.3,82.1,39196.7,2026-04-27 22:26:26
11110,31.3,82.1,47655.0,2026-04-27 22:26:28
11111,31.3,81.9,39196.7,2026-04-27 22:26:30
11112,31.3,82.1,44164.3,2026-04-27 22:26:32
11113,31.3,82.2,41380.3,2026-04-27 22:26:34
11114,31.3,82.1,48176.2,2026-04-27 22:26:36
11115,31.3,82.1,42749.2,2026-04-27 22:26:38
11116,31.3,82.0,37943.0,2026-04-27 22:26:40
11117,31.3,82.1,53722.0,2026-04-27 22:26:42
11118,31.3,82.2,39196.7,2026-04-27 22:26:44
11119,31.3,82.2,50320.3,2026-04-27 22:26:46
11120,31.3,82.2,42287.9,2026-04-27 22:26:48
11121,31.3,82.1,39196.7,2026-04-27 22:26:50
11122,31.3,82.1,45134.1,2026-04-27 22:26:52
11123,31.3,82.0,38774.2,2026-04-27 22:26:54
11124,31.3,82.1,39196.7,2026-04-27 22:26:56
11125,31.3,82.1,40055.8,2026-04-27 22:26:58
11126,31.3,82.4,40492.4,2026-04-27 22:27:00
11127,31.3,82.3,39196.7,2026-04-27 22:27:02
11128,31.3,82.3,47139.6,2026-04-27 22:27:04
11129,31.3,82.3,39196.7,2026-04-27 22:27:06
11130,31.3,82.2,43215.7,2026-04-27 22:27:08
11131,31.3,82.5,38774.2,2026-04-27 22:27:10
11132,31.3,83.0,48176.2,2026-04-27 22:27:12
11133,31.3,83.0,39196.7,2026-04-27 22:27:14
11134,31.3,83.0,38774.2,2026-04-27 22:27:16
11135,31.3,83.0,49775.2,2026-04-27 22:27:18
11136,31.3,82.7,49236.3,2026-04-27 22:27:21
11137,31.3,82.7,22065.6,2026-04-27 22:27:24
11138,31.3,82.7,36729.7,2026-04-27 22:27:26
11139,31.3,82.5,46629.8,2026-04-27 22:27:28
11140,31.3,82.4,27716.1,2026-04-27 22:27:30
11141,31.3,82.4,30225.2,2026-04-27 22:27:32
11142,31.3,82.3,31223.2,2026-04-27 22:27:34
11143,31.3,82.3,28631.8,2026-04-27 22:27:36
11144,31.3,82.3,25138.9,2026-04-27 22:27:38
11145,31.3,82.5,26253.8,2026-04-27 22:27:40
11146,31.3,82.4,23553.3,2026-04-27 22:27:42
11147,31.3,82.3,25138.9,2026-04-27 22:27:44
11148,31.3,82.3,22797.6,2026-04-27 22:27:46
11149,31.3,82.3,25970.6,2026-04-27 22:27:48
11150,31.3,82.3,27716.1,2026-04-27 22:27:50
11151,31.3,82.2,28018.0,2026-04-27 22:27:52
11152,31.3,82.0,20669.7,2026-04-27 22:27:54
11153,31.3,82.0,25690.4,2026-04-27 22:27:56
11154,31.3,82.1,24070.6,2026-04-27 22:27:58
11155,31.3,82.1,27121.7,2026-04-27 22:28:00
11156,31.3,82.0,23046.8,2026-04-27 22:28:02
11157,31.3,82.0,22065.6,2026-04-27 22:28:06
11158,31.3,82.0,21125.2,2026-04-27 22:28:08
11159,31.3,82.0,23298.7,2026-04-27 22:28:10
11160,31.3,82.0,24599.1,2026-04-27 22:28:12
11161,31.3,82.0,20004.2,2026-04-27 22:28:15
11162,31.3,81.9,25970.6,2026-04-27 22:28:18
11163,31.3,81.8,29577.5,2026-04-27 22:28:22
11164,31.3,81.8,28631.8,2026-04-27 22:28:24
11165,31.4,81.7,28018.0,2026-04-27 22:28:26
11166,31.4,81.8,26829.3,2026-04-27 22:28:28
11167,31.3,81.8,27716.1,2026-04-27 22:28:30
11168,31.3,81.9,24867.5,2026-04-27 22:28:32
11169,31.3,81.8,30886.9,2026-04-27 22:28:34
11170,31.4,81.8,23046.8,2026-04-27 22:28:37
11171,31.3,81.7,37943.0,2026-04-27 22:28:40
11172,31.3,81.9,24867.5,2026-04-27 22:28:42
11173,31.3,81.7,25413.2,2026-04-27 22:28:44
11174,31.3,81.8,56120.9,2026-04-27 22:28:46
11175,31.4,81.8,23553.3,2026-04-27 22:28:48
11176,31.3,81.8,27716.1,2026-04-27 22:28:50
11177,31.3,81.7,37943.0,2026-04-27 22:28:52
11178,31.4,81.6,28323.3,2026-04-27 22:28:55
11179,31.4,81.8,27417.3,2026-04-27 22:28:58
11180,31.3,81.7,24599.1,2026-04-27 22:29:00
11181,31.4,81.6,26540.0,2026-04-27 22:29:02
11182,31.3,81.6,24070.6,2026-04-27 22:29:05
11183,31.3,81.5,11008.6,2026-04-27 22:29:07
11184,31.4,81.5,24070.6,2026-04-27 22:29:10
11185,31.3,81.6,3022.87,2026-04-27 22:29:12
11186,31.4,81.5,27417.3,2026-04-27 22:29:14
11187,31.3,81.5,24070.6,2026-04-27 22:29:16
11188,31.3,81.5,27121.7,2026-04-27 22:29:18
11189,31.3,81.6,28943.7,2026-04-27 22:29:20
11190,31.3,81.4,26253.8,2026-04-27 22:29:22
11191,31.4,81.5,24867.5,2026-04-27 22:29:24
11192,31.3,81.6,23553.3,2026-04-27 22:29:26
11193,31.4,81.6,27417.3,2026-04-27 22:29:28
11194,31.3,81.7,25690.4,2026-04-27 22:29:30
11195,31.3,81.6,25970.6,2026-04-27 22:29:32
11196,31.4,81.7,27716.1,2026-04-27 22:29:34
11197,31.3,81.7,28323.3,2026-04-27 22:29:36
11198,31.3,81.7,17352.1,2026-04-27 22:29:38
11199,31.4,81.6,55511.0,2026-04-27 22:29:40
11200,31.4,81.6,23810.6,2026-04-27 22:29:42
11201,31.4,81.6,26829.3,2026-04-27 22:29:44
11202,31.3,81.7,24599.1,2026-04-27 22:29:46
11203,31.3,81.6,30554.3,2026-04-27 22:29:48
11204,31.3,81.6,52562.6,2026-04-27 22:29:50
11205,31.3,81.7,26253.8,2026-04-27 22:29:52
11206,31.4,81.8,25138.9,2026-04-27 22:29:54
11207,31.4,81.7,27716.1,2026-04-27 22:29:56
11208,31.4,81.9,13313.5,2026-04-27 22:29:58
11209,31.3,81.9,12314.6,2026-04-27 22:30:00
11210,31.3,81.9,14388.4,2026-04-27 22:30:02
11211,31.3,81.8,5362.63,2026-04-27 22:30:05
11212,31.4,81.7,12876.4,2026-04-27 22:30:08
11213,31.4,81.7,15374.6,2026-04-27 22:30:10
11214,31.3,81.7,13166.3,2026-04-27 22:30:12
11215,31.3,81.8,16067.4,2026-04-27 22:30:14
11216,31.4,81.9,15545.1,2026-04-27 22:30:16
11217,31.3,81.8,14873.7,2026-04-27 22:30:18
11218,31.4,81.6,9721.47,2026-04-27 22:30:20
11219,31.4,81.7,15545.1,2026-04-27 22:30:22
11220,31.3,81.8,17352.1,2026-04-27 22:30:24
11221,31.4,81.9,15545.1,2026-04-27 22:30:26
11222,31.4,81.8,13764.5,2026-04-27 22:30:28
11223,31.4,81.8,13764.5,2026-04-27 22:30:31
11224,31.3,81.7,13764.5,2026-04-27 22:30:32
11225,31.3,81.7,13918.0,2026-04-27 22:30:33
11226,31.4,81.7,14548.5,2026-04-27 22:30:35
11227,31.3,81.7,12042.3,2026-04-27 22:30:37
11228,31.4,81.6,16424.9,2026-04-27 22:30:39
11229,31.3,81.5,13764.5,2026-04-27 22:30:41
11230,31.4,81.8,14873.7,2026-04-27 22:30:43
11231,31.3,81.7,14873.7,2026-04-27 22:30:45
11232,31.4,81.7,13764.5,2026-04-27 22:30:47
11233,31.3,81.7,15545.1,2026-04-27 22:30:50
11234,31.4,82.1,15717.4,2026-04-27 22:30:53
11235,31.3,82.1,14548.5,2026-04-27 22:30:55
11236,31.3,82.2,14388.4,2026-04-27 22:30:58
11237,31.3,82.0,15205.9,2026-04-27 22:31:00
11238,31.3,81.8,13612.6,2026-04-27 22:31:04
11239,31.4,81.8,13918.0,2026-04-27 22:31:06
11240,31.3,81.9,14710.3,2026-04-27 22:31:08
11241,31.3,81.9,15891.5,2026-04-27 22:31:12
11242,31.3,81.9,13764.5,2026-04-27 22:31:13
11243,31.3,82.0,13764.5,2026-04-27 22:31:15
11244,31.4,82.0,15374.6,2026-04-27 22:31:17
11245,31.3,81.8,16245.2,2026-04-27 22:31:19
11246,31.3,81.8,15717.4,2026-04-27 22:31:21
11247,31.4,82.0,18941.0,2026-04-27 22:31:23
11248,31.3,81.9,14230.0,2026-04-27 22:31:25
11249,31.4,81.8,17736.9,2026-04-27 22:31:28
11250,31.3,81.8,17736.9,2026-04-27 22:31:29
11251,31.4,81.8,18941.0,2026-04-27 22:31:31
11252,31.3,81.7,18329.4,2026-04-27 22:31:33
11253,31.3,81.8,21125.2,2026-04-27 22:31:35
11254,31.4,81.9,19572.2,2026-04-27 22:31:37
11255,31.3,81.9,8283.78,2026-04-27 22:31:39
11256,31.3,81.8,22065.6,2026-04-27 22:31:40
11257,31.4,81.7,32605.2,2026-04-27 22:31:42
11258,31.4,81.7,23553.3,2026-04-27 22:31:44
11259,31.4,81.7,19572.2,2026-04-27 22:31:46
11260,31.3,81.7,19572.2,2026-04-27 22:31:49
11261,31.3,81.7,18329.4,2026-04-27 22:31:50
11262,31.4,81.6,20445.5,2026-04-27 22:31:52
11263,31.4,81.5,20669.7,2026-04-27 22:31:55
11264,31.3,81.4,23810.6,2026-04-27 22:31:58
11265,31.4,81.4,19572.2,2026-04-27 22:32:00
11266,31.4,81.3,28018.0,2026-04-27 22:32:02
11267,31.3,81.2,32254.0,2026-04-27 22:32:04
11268,31.4,81.2,11644.5,2026-04-27 22:32:06
11269,31.4,81.3,24599.1,2026-04-27 22:32:08
11270,31.4,81.2,25690.4,2026-04-27 22:32:10
11271,31.4,81.3,49775.2,2026-04-27 22:32:13
11272,31.3,81.4,39196.7,2026-04-27 22:32:15
11273,31.4,81.3,80720.3,2026-04-27 22:32:17
11274,31.4,81.3,163717.0,2026-04-27 22:32:19
11275,31.4,81.3,100976.0,2026-04-27 22:32:21
11276,31.3,81.3,77214.0,2026-04-27 22:32:23
11277,31.3,81.2,62616.4,2026-04-27 22:32:25
11278,31.3,81.1,2494090.0,2026-04-27 22:32:27
11279,31.3,81.1,427311.0,2026-04-27 22:32:29
11280,31.3,81.2,664871.0,2026-04-27 22:32:31
11281,31.4,81.2,735818.0,2026-04-27 22:32:33
11282,31.3,81.1,195643.0,2026-04-27 22:32:35
11283,31.4,81.2,143960.0,2026-04-27 22:32:37
11284,31.4,81.2,117020.0,2026-04-27 22:32:39
11285,31.4,81.2,320747.0,2026-04-27 22:32:41
11286,31.4,81.2,32960.1,2026-04-27 22:32:43
11287,31.3,81.1,11514.7,2026-04-27 22:32:45
11288,31.3,81.1,240482.0,2026-04-27 22:32:47
11289,31.3,81.3,210303.0,2026-04-27 22:32:49
11290,31.3,81.3,57992.6,2026-04-27 22:32:51
11291,31.3,81.3,243458.0,2026-04-27 22:32:53
11292,31.3,81.3,139036.0,2026-04-27 22:32:55
11293,31.3,81.3,163717.0,2026-04-27 22:32:57
11294,31.3,81.2,152595.0,2026-04-27 22:32:59
11295,31.3,81.3,163717.0,2026-04-27 22:33:01
11296,31.3,81.3,161803.0,2026-04-27 22:33:03
11297,31.3,81.2,163717.0,2026-04-27 22:33:05
11298,31.3,81.2,161803.0,2026-04-27 22:33:07
11299,31.3,81.1,159913.0,2026-04-27 22:33:09
11300,31.3,81.1,195643.0,2026-04-27 22:33:11
11301,31.3,81.1,215459.0,2026-04-27 22:33:13
11302,31.3,81.2,300993.0,2026-04-27 22:33:15
11303,31.3,81.1,142298.0,2026-04-27 22:33:17
11304,31.3,81.2,272195.0,2026-04-27 22:33:19
11305,31.3,81.0,262210.0,2026-04-27 22:33:21
11306,31.3,81.0,220757.0,2026-04-27 22:33:23
11307,31.3,81.1,215459.0,2026-04-27 22:33:25
11308,31.3,81.0,177834.0,2026-04-27 22:33:27
11309,31.3,81.1,223460.0,2026-04-27 22:33:29
11310,31.3,81.1,195643.0,2026-04-27 22:33:31
11311,31.3,81.1,210303.0,2026-04-27 22:33:33
11312,31.3,81.1,163717.0,2026-04-27 22:33:35
11313,31.3,81.2,175738.0,2026-04-27 22:33:37
11314,31.3,81.1,163717.0,2026-04-27 22:33:39
11315,31.3,81.1,80720.3,2026-04-27 22:33:41
11316,31.3,81.1,175738.0,2026-04-27 22:33:43
11317,31.3,81.1,169610.0,2026-04-27 22:33:45
11318,31.3,81.1,161803.0,2026-04-27 22:33:47
11319,31.3,81.2,184293.0,2026-04-27 22:33:49
11320,31.3,81.1,237546.0,2026-04-27 22:33:51
11321,31.3,81.1,210303.0,2026-04-27 22:33:53
11322,31.3,81.1,191013.0,2026-04-27 22:33:55
11323,31.3,81.1,186503.0,2026-04-27 22:33:57
11324,31.3,81.1,212864.0,2026-04-27 22:33:59
11325,31.3,81.1,200399.0,2026-04-27 22:34:01
11326,31.3,81.1,220757.0,2026-04-27 22:34:03
11327,31.3,81.2,193313.0,2026-04-27 22:34:05
11328,31.3,81.1,237546.0,2026-04-27 22:34:07
11329,31.3,81.0,200399.0,2026-04-27 22:34:09
11330,31.3,81.0,114383.0,2026-04-27 22:34:11
11331,31.3,81.1,95449.7,2026-04-27 22:34:13
11332,31.3,81.1,171626.0,2026-04-27 22:34:15
11333,31.3,81.0,193313.0,2026-04-27 22:34:17
11334,31.3,80.9,202826.0,2026-04-27 22:34:19
11335,31.3,81.0,195643.0,2026-04-27 22:34:21
11336,31.3,81.0,215459.0,2026-04-27 22:34:23
11337,31.3,80.9,200399.0,2026-04-27 22:34:25
11338,31.3,81.0,198006.0,2026-04-27 22:34:27
11339,31.3,81.1,152595.0,2026-04-27 22:34:29
11340,31.3,81.0,210303.0,2026-04-27 22:34:31
11341,31.3,81.1,234651.0,2026-04-27 22:34:33
11342,31.3,81.1,186503.0,2026-04-27 22:34:35
11343,31.2,81.0,226201.0,2026-04-27 22:34:37
11344,31.3,81.0,186503.0,2026-04-27 22:34:39
11345,31.2,81.0,234651.0,2026-04-27 22:34:41
11346,31.3,81.1,198006.0,2026-04-27 22:34:43
11347,31.3,81.1,179959.0,2026-04-27 22:34:45
11348,31.3,80.9,240482.0,2026-04-27 22:34:47
11349,31.3,81.1,218090.0,2026-04-27 22:34:49
11350,31.2,80.9,226201.0,2026-04-27 22:34:51
11351,31.3,81.0,177834.0,2026-04-27 22:34:55
11352,31.2,81.2,167620.0,2026-04-27 22:34:58
11353,31.3,80.9,167620.0,2026-04-27 22:35:01
11354,31.3,81.1,182112.0,2026-04-27 22:35:05
11355,31.3,81.1,184293.0,2026-04-27 22:35:06
11356,31.3,81.1,198006.0,2026-04-27 22:35:08
11357,31.3,81.0,173668.0,2026-04-27 22:35:10
11358,31.2,81.0,154390.0,2026-04-27 22:35:12
11359,31.2,81.1,161803.0,2026-04-27 22:35:14
11360,31.2,81.1,184293.0,2026-04-27 22:35:16
11361,31.2,81.1,142298.0,2026-04-27 22:35:18
11362,31.2,81.1,202826.0,2026-04-27 22:35:20
11363,31.2,81.0,21280300.0,2026-04-27 22:35:23
11364,31.2,80.9,159913.0,2026-04-27 22:35:26
11365,31.2,81.0,195643.0,2026-04-27 22:35:28
11366,31.2,81.1,134296.0,2026-04-27 22:35:30
11367,31.2,81.0,193313.0,2026-04-27 22:35:33
11368,31.2,81.2,152595.0,2026-04-27 22:35:36
11369,31.2,81.1,175738.0,2026-04-27 22:35:38
11370,31.2,81.1,103282.0,2026-04-27 22:35:41
11371,31.2,81.1,163717.0,2026-04-27 22:35:42
11372,31.2,81.0,207777.0,2026-04-27 22:35:43
11373,31.2,81.1,212864.0,2026-04-27 22:35:45
11374,31.2,81.1,158048.0,2026-04-27 22:35:47
11375,31.2,81.0,237546.0,2026-04-27 22:35:50
11376,31.2,81.1,173668.0,2026-04-27 22:35:52
11377,31.2,81.1,207777.0,2026-04-27 22:35:54
11378,31.3,81.2,202826.0,2026-04-27 22:35:56
11379,31.2,81.1,202826.0,2026-04-27 22:35:58
11380,31.2,81.2,212864.0,2026-04-27 22:36:00
11381,31.2,81.1,161803.0,2026-04-27 22:36:02
11382,31.2,81.0,70674.5,2026-04-27 22:36:04
11383,31.2,81.1,71459.1,2026-04-27 22:36:06
11384,31.2,81.1,188743.0,2026-04-27 22:36:08
11385,31.2,81.0,188743.0,2026-04-27 22:36:10
11386,31.2,81.2,169610.0,2026-04-27 22:36:12
11387,31.2,81.2,159913.0,2026-04-27 22:36:14
11388,31.2,81.2,212864.0,2026-04-27 22:36:16
11389,31.2,81.3,177834.0,2026-04-27 22:36:18
11390,31.2,81.1,191013.0,2026-04-27 22:36:20
11391,31.2,81.1,223460.0,2026-04-27 22:36:22
11392,31.2,81.2,234651.0,2026-04-27 22:36:24
11393,31.2,81.2,167620.0,2026-04-27 22:36:25
11394,31.2,81.2,184293.0,2026-04-27 22:36:27
11395,31.2,81.2,210303.0,2026-04-27 22:36:29
11396,31.2,81.2,191013.0,2026-04-27 22:36:31
11397,31.2,81.2,200399.0,2026-04-27 22:36:33
11398,31.2,81.2,171626.0,2026-04-27 22:36:35
11399,31.2,81.2,173668.0,2026-04-27 22:36:37
11400,31.2,81.2,220757.0,2026-04-27 22:36:39
11401,31.2,81.1,173668.0,2026-04-27 22:36:41
11402,31.2,81.0,184293.0,2026-04-27 22:36:43
11403,31.2,81.0,186503.0,2026-04-27 22:36:45
11404,31.2,81.2,320747.0,2026-04-27 22:36:47
11405,31.2,81.1,220757.0,2026-04-27 22:36:49
11406,31.2,81.0,202826.0,2026-04-27 22:36:51
11407,31.2,81.2,202826.0,2026-04-27 22:36:53
11408,31.2,81.0,215459.0,2026-04-27 22:36:55
11409,31.2,81.1,186503.0,2026-04-27 22:36:57
11410,31.2,81.1,167620.0,2026-04-27 22:36:59
11411,31.2,81.1,139036.0,2026-04-27 22:37:01
11412,31.2,81.1,210303.0,2026-04-27 22:37:03
11413,31.2,81.1,159913.0,2026-04-27 22:37:05
11414,31.2,81.1,184293.0,2026-04-27 22:37:07
11415,31.2,81.2,171626.0,2026-04-27 22:37:09
11416,31.2,81.1,186503.0,2026-04-27 22:37:11
11417,31.2,81.0,165655.0,2026-04-27 22:37:14
11418,31.2,81.1,188743.0,2026-04-27 22:37:16
11419,31.2,81.2,177834.0,2026-04-27 22:37:18
11420,31.2,81.0,171626.0,2026-04-27 22:37:20
11421,31.2,81.0,167620.0,2026-04-27 22:37:22
11422,31.2,81.1,193313.0,2026-04-27 22:37:24
11423,31.2,81.0,163717.0,2026-04-27 22:37:26
11424,31.2,81.1,198006.0,2026-04-27 22:37:28
11425,31.2,81.0,193313.0,2026-04-27 22:37:30
11426,31.2,81.2,210303.0,2026-04-27 22:37:34
11427,31.2,81.1,163717.0,2026-04-27 22:37:36
11428,31.2,81.1,163717.0,2026-04-27 22:37:38
11429,31.2,81.1,167620.0,2026-04-27 22:37:40
11430,31.2,81.1,177834.0,2026-04-27 22:37:42
11431,31.2,81.1,186503.0,2026-04-27 22:37:44
11432,31.2,81.1,198006.0,2026-04-27 22:37:46
11433,31.2,81.1,193313.0,2026-04-27 22:37:48
11434,31.2,81.1,184293.0,2026-04-27 22:37:50
11435,31.2,81.2,195643.0,2026-04-27 22:37:52
11436,31.2,81.1,234651.0,2026-04-27 22:37:54
11437,31.2,81.3,193313.0,2026-04-27 22:37:56
11438,31.2,81.1,212864.0,2026-04-27 22:37:58
11439,31.2,81.3,154390.0,2026-04-27 22:38:00
11440,31.2,81.1,215459.0,2026-04-27 22:38:02
11441,31.2,81.2,205285.0,2026-04-27 22:38:04
11442,31.2,81.2,207777.0,2026-04-27 22:38:06
11443,31.2,81.4,169610.0,2026-04-27 22:38:08
11444,31.2,81.2,173668.0,2026-04-27 22:38:10
11445,31.2,81.2,142298.0,2026-04-27 22:38:12
11446,31.2,81.2,147348.0,2026-04-27 22:38:14
11447,31.2,81.1,205285.0,2026-04-27 22:38:16
11448,31.2,81.3,223460.0,2026-04-27 22:38:18
11449,31.2,81.2,188743.0,2026-04-27 22:38:20
11450,31.2,81.2,205285.0,2026-04-27 22:38:23
11451,31.1,81.2,163717.0,2026-04-27 22:38:25
11452,31.2,81.2,228979.0,2026-04-27 22:38:28
11453,31.1,81.1,226201.0,2026-04-27 22:38:30
11454,31.2,81.2,184293.0,2026-04-27 22:38:32
11455,31.2,81.2,200399.0,2026-04-27 22:38:35
11456,31.2,81.2,111809.0,2026-04-27 22:38:38
11457,31.2,81.2,202826.0,2026-04-27 22:38:40
11458,31.2,81.2,193313.0,2026-04-27 22:38:41
11459,31.2,81.1,223460.0,2026-04-27 22:38:45
11460,31.2,81.2,202826.0,2026-04-27 22:38:47
11461,31.2,81.2,198006.0,2026-04-27 22:38:50
11462,31.2,81.2,234651.0,2026-04-27 22:38:53
11463,31.2,81.1,198006.0,2026-04-27 22:38:55
11464,31.2,81.2,202826.0,2026-04-27 22:38:58
11465,31.2,81.2,184293.0,2026-04-27 22:38:59
11466,31.2,81.2,240482.0,2026-04-27 22:39:00
11467,31.2,81.2,226201.0,2026-04-27 22:39:02
11468,31.2,81.2,226201.0,2026-04-27 22:39:04
11469,31.2,81.2,191013.0,2026-04-27 22:39:06
11470,31.2,81.1,195643.0,2026-04-27 22:39:08
11471,31.2,81.2,200399.0,2026-04-27 22:39:10
11472,31.2,81.2,202826.0,2026-04-27 22:39:12
11473,31.2,81.1,231795.0,2026-04-27 22:39:14
11474,31.2,81.2,200399.0,2026-04-27 22:39:16
11475,31.2,81.2,205285.0,2026-04-27 22:39:18
11476,31.2,81.2,195643.0,2026-04-27 22:39:20
11477,31.2,81.2,240482.0,2026-04-27 22:39:22
11478,31.2,81.2,202826.0,2026-04-27 22:39:24
11479,31.2,81.3,231795.0,2026-04-27 22:39:26
11480,31.2,81.3,200399.0,2026-04-27 22:39:28
11481,31.2,81.2,228979.0,2026-04-27 22:39:30
11482,31.2,81.2,275618.0,2026-04-27 22:39:32
11483,31.2,81.2,195643.0,2026-04-27 22:39:34
11484,31.2,81.2,1391470.0,2026-04-27 22:39:36
11485,31.2,81.2,1163300.0,2026-04-27 22:39:38
11486,31.2,81.3,1462870.0,2026-04-27 22:39:40
11487,31.2,81.3,1201220.0,2026-04-27 22:39:42
11488,31.2,81.2,427311.0,2026-04-27 22:39:44
11489,31.2,81.3,530837.0,2026-04-27 22:39:46
11490,31.2,81.4,374503.0,2026-04-27 22:39:48
11491,31.2,81.2,312673.0,2026-04-27 22:39:50
11492,31.1,81.3,360155.0,2026-04-27 22:39:52
11493,31.2,81.5,304831.0,2026-04-27 22:39:54
11494,31.2,81.4,374503.0,2026-04-27 22:39:56
11495,31.2,81.3,421660.0,2026-04-27 22:39:58
11496,31.2,81.3,438878.0,2026-04-27 22:40:00
11497,31.2,81.4,346434.0,2026-04-27 22:40:02
11498,31.2,81.3,427311.0,2026-04-27 22:40:04
11499,31.2,81.3,324873.0,2026-04-27 22:40:06
11500,31.2,81.4,416096.0,2026-04-27 22:40:08
11501,31.2,81.4,364867.0,2026-04-27 22:40:10
11502,31.2,81.3,389513.0,2026-04-27 22:40:12
11503,31.2,81.3,329059.0,2026-04-27 22:40:14
11504,31.2,81.3,275618.0,2026-04-27 22:40:16
11505,31.2,81.2,384434.0,2026-04-27 22:40:18
11506,31.2,81.5,577010.0,2026-04-27 22:40:20
11507,31.2,81.5,655409.0,2026-04-27 22:40:22
11508,31.2,81.3,360155.0,2026-04-27 22:40:24
11509,31.2,81.4,475816.0,2026-04-27 22:40:26
11510,31.2,81.3,337619.0,2026-04-27 22:40:28
11511,31.2,81.4,333308.0,2026-04-27 22:40:30
11512,31.2,81.4,300993.0,2026-04-27 22:40:32
11513,31.2,81.3,346434.0,2026-04-27 22:40:34
11514,31.2,81.4,355513.0,2026-04-27 22:40:36
11515,31.2,81.3,369649.0,2026-04-27 22:40:38
11516,31.2,81.3,293482.0,2026-04-27 22:40:40
11517,31.2,81.2,684283.0,2026-04-27 22:40:42
11518,31.2,81.2,337619.0,2026-04-27 22:40:44
11519,31.2,81.2,369649.0,2026-04-27 22:40:46
11520,31.2,81.2,329059.0,2026-04-27 22:40:48
11521,31.2,81.3,175738.0,2026-04-27 22:40:50
11522,31.2,81.3,198006.0,2026-04-27 22:40:52
11523,31.2,81.2,304831.0,2026-04-27 22:40:54
11524,31.3,81.3,389513.0,2026-04-27 22:40:56
11525,31.2,81.2,384434.0,2026-04-27 22:40:58
11526,31.2,81.2,394669.0,2026-04-27 22:41:00
11527,31.2,81.1,355513.0,2026-04-27 22:41:02
11528,31.2,81.1,360155.0,2026-04-27 22:41:04
11529,31.3,81.1,337619.0,2026-04-27 22:41:06
11530,31.2,81.1,438878.0,2026-04-27 22:41:08
11531,31.2,81.2,312673.0,2026-04-27 22:41:10
11532,31.2,81.2,304831.0,2026-04-27 22:41:12
11533,31.2,81.1,316681.0,2026-04-27 22:41:14
11534,31.2,81.2,360155.0,2026-04-27 22:41:16
11535,31.3,81.2,360155.0,2026-04-27 22:41:18
11536,31.3,81.1,360155.0,2026-04-27 22:41:20
11537,31.2,81.1,360155.0,2026-04-27 22:41:22
11538,31.3,81.1,384434.0,2026-04-27 22:41:24
11539,31.3,81.1,374503.0,2026-04-27 22:41:26
11540,31.2,81.1,304831.0,2026-04-27 22:41:28
11541,31.2,81.2,360155.0,2026-04-27 22:41:30
11542,31.2,81.1,293482.0,2026-04-27 22:41:36
11543,31.3,81.2,394669.0,2026-04-27 22:41:38
11544,31.2,80.9,333308.0,2026-04-27 22:41:40
11545,31.2,81.2,308724.0,2026-04-27 22:41:42
11546,31.2,81.1,355513.0,2026-04-27 22:41:44
11547,31.2,81.1,333308.0,2026-04-27 22:41:46
11548,31.2,81.1,329059.0,2026-04-27 22:41:48
11549,31.2,81.1,360155.0,2026-04-27 22:41:50
11550,31.2,81.1,416096.0,2026-04-27 22:41:52
11551,31.2,81.1,444797.0,2026-04-27 22:41:54
11552,31.3,81.2,456914.0,2026-04-27 22:41:56
11553,31.2,81.1,433050.0,2026-04-27 22:41:58
11554,31.2,81.3,389513.0,2026-04-27 22:42:00
11555,31.2,81.2,320747.0,2026-04-27 22:42:02
11556,31.2,81.2,341994.0,2026-04-27 22:42:04
11557,31.2,81.1,360155.0,2026-04-27 22:42:06
11558,31.2,81.2,369649.0,2026-04-27 22:42:08
11559,31.2,81.2,369649.0,2026-04-27 22:42:10
11560,31.2,81.1,293482.0,2026-04-27 22:42:12
11561,31.2,81.2,350940.0,2026-04-27 22:42:14
11562,31.2,81.3,360155.0,2026-04-27 22:42:16
11563,31.2,81.3,341994.0,2026-04-27 22:42:18
11564,31.2,81.2,360155.0,2026-04-27 22:42:20
11565,31.2,81.2,374503.0,2026-04-27 22:42:22
11566,31.2,81.3,337619.0,2026-04-27 22:42:24
11567,31.2,81.3,337619.0,2026-04-27 22:42:26
11568,31.2,81.2,355513.0,2026-04-27 22:42:28
11569,31.2,81.2,360155.0,2026-04-27 22:42:30
11570,31.2,81.2,360155.0,2026-04-27 22:42:32
11571,31.2,81.3,482317.0,2026-04-27 22:42:34
11572,31.2,81.3,341994.0,2026-04-27 22:42:36
11573,31.2,81.3,523569.0,2026-04-27 22:42:38
11574,31.2,81.3,320747.0,2026-04-27 22:42:40
11575,31.2,81.3,427311.0,2026-04-27 22:42:42
11576,31.2,81.3,416096.0,2026-04-27 22:42:44
11577,31.2,81.2,545731.0,2026-04-27 22:42:46
11578,31.2,81.3,416096.0,2026-04-27 22:42:48
11579,31.2,81.3,384434.0,2026-04-27 22:42:50
11580,31.2,81.3,399904.0,2026-04-27 22:42:52
11581,31.2,81.2,410616.0,2026-04-27 22:42:54
11582,31.3,81.3,316681.0,2026-04-27 22:42:56
11583,31.2,81.3,369649.0,2026-04-27 22:42:58
11584,31.2,81.3,410616.0,2026-04-27 22:43:00
11585,31.1,81.3,364867.0,2026-04-27 22:43:02
11586,31.2,81.3,416096.0,2026-04-27 22:43:04
11587,31.2,81.4,360155.0,2026-04-27 22:43:06
11588,31.2,81.3,553360.0,2026-04-27 22:43:08
11589,31.2,81.4,374503.0,2026-04-27 22:43:10
11590,31.2,81.3,516416.0,2026-04-27 22:43:12
11591,31.2,81.3,433050.0,2026-04-27 22:43:14
11592,31.2,81.4,346434.0,2026-04-27 22:43:18
11593,31.2,81.4,444797.0,2026-04-27 22:43:20
11594,31.2,81.4,369649.0,2026-04-27 22:43:22
11595,31.2,81.4,725153.0,2026-04-27 22:43:24
11596,31.2,81.2,892910.0,2026-04-27 22:43:26
11597,31.2,81.4,482317.0,2026-04-27 22:43:28
11598,31.2,81.3,450808.0,2026-04-27 22:43:30
11599,31.2,81.3,463116.0,2026-04-27 22:43:32
11600,31.2,81.5,488922.0,2026-04-27 22:43:34
11601,31.2,81.3,421660.0,2026-04-27 22:43:36
11602,31.2,81.4,561115.0,2026-04-27 22:43:38
11603,31.2,81.4,815905.0,2026-04-27 22:43:40
11604,31.2,81.3,488922.0,2026-04-27 22:43:42
11605,31.2,81.5,364867.0,2026-04-27 22:43:44
11606,31.2,81.5,920484.0,2026-04-27 22:43:46
11607,31.2,81.4,360155.0,2026-04-27 22:43:48
11608,31.2,81.3,405219.0,2026-04-27 22:43:50
11609,31.2,81.4,433050.0,2026-04-27 22:43:52
11610,31.2,81.3,384434.0,2026-04-27 22:43:54
11611,31.2,81.3,275618.0,2026-04-27 22:43:56
11612,31.2,81.3,286183.0,2026-04-27 22:43:58
11613,31.2,81.3,240482.0,2026-04-27 22:44:00
11614,31.2,81.5,469416.0,2026-04-27 22:44:02
11615,31.2,81.7,25413.2,2026-04-27 22:44:04
11616,31.2,81.9,28631.8,2026-04-27 22:44:06
11617,31.2,81.8,3755.18,2026-04-27 22:44:08
11618,31.2,81.7,1503.73,2026-04-27 22:44:10
11619,31.2,81.6,3899.13,2026-04-27 22:44:12
11620,31.2,81.7,4524.04,2026-04-27 22:44:14
11621,31.2,81.7,3661.79,2026-04-27 22:44:16
11622,31.2,81.7,3022.87,2026-04-27 22:44:18
11623,31.2,81.6,2548.66,2026-04-27 22:44:20
11624,31.2,81.8,2832.31,2026-04-27 22:44:22
11625,31.2,81.7,2907.27,2026-04-27 22:44:24
11626,31.2,81.7,1570.5,2026-04-27 22:44:26
11627,31.1,81.7,2652.07,2026-04-27 22:44:28
11628,31.1,81.8,2548.66,2026-04-27 22:44:30
11629,31.1,81.7,1969.23,2026-04-27 22:44:32
11630,31.1,81.6,2109.77,2026-04-27 22:44:34
11631,31.1,81.7,8002.23,2026-04-27 22:44:36
11632,31.1,82.3,1570.5,2026-04-27 22:44:38
11633,31.1,82.4,2617.21,2026-04-27 22:44:40
11634,31.1,82.4,2582.74,2026-04-27 22:44:42
11635,31.1,82.6,2481.63,2026-04-27 22:44:44
11636,31.1,82.2,2795.46,2026-04-27 22:44:46
11637,31.1,82.1,4636.28,2026-04-27 22:44:48
11638,31.1,82.4,4414.19,2026-04-27 22:44:50
11639,31.1,82.4,3708.23,2026-04-27 22:44:52
11640,31.1,82.5,4047.84,2026-04-27 22:44:54
11641,31.1,82.6,3481.01,2026-04-27 22:44:56
11642,31.0,82.5,4201.47,2026-04-27 22:44:58
11643,31.1,82.1,5235.02,2026-04-27 22:45:00
11644,31.1,82.0,4414.19,2026-04-27 22:45:02
11645,31.1,82.0,4524.04,2026-04-27 22:45:04
11646,31.1,82.2,4868.12,2026-04-27 22:45:06
11647,31.0,82.0,4579.86,2026-04-27 22:45:08
11648,31.1,82.0,4524.04,2026-04-27 22:45:10
11649,31.0,82.0,4636.28,2026-04-27 22:45:12
11650,31.1,81.9,4524.04,2026-04-27 22:45:14
11651,31.0,81.8,4750.96,2026-04-27 22:45:16
11652,31.0,81.8,44646.5,2026-04-27 22:45:18
11653,31.1,81.8,4524.04,2026-04-27 22:45:20
11654,31.0,81.9,4636.28,2026-04-27 22:45:22
11655,31.0,81.9,4524.04,2026-04-27 22:45:24
11656,31.0,81.9,0.0,2026-04-27 22:45:26
11657,31.0,82.0,5362.63,2026-04-27 22:45:28
11658,31.0,81.9,0.0,2026-04-27 22:45:31
11659,31.0,82.0,4306.68,2026-04-27 22:45:32
11660,31.0,81.9,0.0,2026-04-27 22:45:34
11661,31.0,81.9,3708.23,2026-04-27 22:45:36
11662,31.0,82.0,4524.04,2026-04-27 22:45:38
11663,30.9,81.9,4524.04,2026-04-27 22:45:41
11664,31.0,81.9,4414.19,2026-04-27 22:45:43
11665,30.9,81.6,4306.68,2026-04-27 22:45:45
11666,31.0,81.6,4468.82,2026-04-27 22:45:47
11667,31.0,81.7,5172.22,2026-04-27 22:45:50
11668,31.0,81.7,3755.18,2026-04-27 22:45:51
11669,30.9,81.7,4253.79,2026-04-27 22:45:55
11670,30.9,81.9,4750.96,2026-04-27 22:45:58
11671,30.9,82.0,4524.04,2026-04-27 22:46:00
11672,30.9,81.9,4693.31,2026-04-27 22:46:02
11673,30.9,82.0,5172.22,2026-04-27 22:46:04
11674,30.9,82.1,4524.04,2026-04-27 22:46:07
11675,30.9,82.0,4149.7,2026-04-27 22:46:09
11676,30.9,82.1,3997.73,2026-04-27 22:46:11
11677,30.9,82.1,3802.64,2026-04-27 22:46:13
11678,30.8,82.1,4987.81,2026-04-27 22:46:17
11679,30.9,82.0,4524.04,2026-04-27 22:46:19
11680,30.9,82.2,4524.04,2026-04-27 22:46:22
11681,30.8,82.3,4579.86,2026-04-27 22:46:24
11682,30.8,82.2,4524.04,2026-04-27 22:46:26
11683,30.8,82.2,4693.31,2026-04-27 22:46:28
11684,30.8,82.1,5048.63,2026-04-27 22:46:30
11685,30.8,82.2,4927.64,2026-04-27 22:46:32
11686,30.8,82.2,4750.96,2026-04-27 22:46:34
11687,30.8,82.3,4750.96,2026-04-27 22:46:36
11688,30.8,82.2,4987.81,2026-04-27 22:46:38
11689,30.8,82.3,2759.01,2026-04-27 22:46:40
11690,30.7,82.4,5048.63,2026-04-27 22:46:42
11691,30.8,82.2,4636.28,2026-04-27 22:46:44
11692,30.8,82.3,5048.63,2026-04-27 22:46:46
11693,30.8,82.4,4579.86,2026-04-27 22:46:48
11694,30.8,82.3,4636.28,2026-04-27 22:46:50
11695,30.7,82.3,0.0,2026-04-27 22:46:52
11696,30.6,82.4,4809.22,2026-04-27 22:46:54
11697,30.7,82.3,4524.04,2026-04-27 22:46:56
11698,30.8,82.4,5298.49,2026-04-27 22:46:58
11699,30.7,82.4,4414.19,2026-04-27 22:47:00
11700,30.7,82.2,5048.63,2026-04-27 22:47:02
11701,30.8,82.4,3708.23,2026-04-27 22:47:04
11702,30.7,82.4,5110.09,2026-04-27 22:47:06
11703,30.7,82.3,5048.63,2026-04-27 22:47:08
11704,30.7,82.4,5427.47,2026-04-27 22:47:10
11705,30.7,82.3,4579.86,2026-04-27 22:47:12
11706,30.7,82.4,4414.19,2026-04-27 22:47:14
11707,30.7,82.4,4524.04,2026-04-27 22:47:16
11708,30.7,82.4,1570.5,2026-04-27 22:47:18
11709,30.7,82.4,4693.31,2026-04-27 22:47:20
11710,30.7,82.4,4750.96,2026-04-27 22:47:22
11711,30.7,82.4,4693.31,2026-04-27 22:47:24
11712,30.7,82.4,8188.95,2026-04-27 22:47:28
11713,30.7,82.4,4524.04,2026-04-27 22:47:30
11714,30.7,82.4,4750.96,2026-04-27 22:47:32
11715,30.7,82.5,5172.22,2026-04-27 22:47:34
11716,30.7,82.6,0.0,2026-04-27 22:47:36
11717,30.7,82.5,5235.02,2026-04-27 22:47:38
11718,30.7,82.5,6043.09,2026-04-27 22:47:40
11719,30.7,82.5,4750.96,2026-04-27 22:47:42
11720,30.7,82.5,19572.2,2026-04-27 22:47:44
11721,30.7,82.5,4693.31,2026-04-27 22:47:46
11722,30.7,82.5,5298.49,2026-04-27 22:47:48
11723,30.7,82.5,3755.18,2026-04-27 22:47:50
11724,30.6,82.6,4579.86,2026-04-27 22:47:52
11725,30.7,82.6,4809.22,2026-04-27 22:47:54
11726,30.7,82.5,5235.02,2026-04-27 22:47:56
11727,30.7,82.5,4636.28,2026-04-27 22:47:58
11728,30.6,82.4,4987.81,2026-04-27 22:48:00
11729,30.6,82.4,5762.2,2026-04-27 22:48:02
11730,30.7,82.5,4750.96,2026-04-27 22:48:04
11731,30.7,82.5,5362.63,2026-04-27 22:48:06
11732,30.7,82.6,4579.86,2026-04-27 22:48:08
11733,30.6,82.5,4524.04,2026-04-27 22:48:10
11734,30.7,82.4,4579.86,2026-04-27 22:48:12
11735,30.6,82.4,4927.64,2026-04-27 22:48:14
11736,30.6,82.5,4927.64,2026-04-27 22:48:16
11737,30.7,82.4,5626.17,2026-04-27 22:48:18
11738,30.7,82.5,4868.12,2026-04-27 22:48:20
11739,30.6,82.6,4524.04,2026-04-27 22:48:22
11740,30.6,82.5,4524.04,2026-04-27 22:48:24
11741,30.6,82.5,4636.28,2026-04-27 22:48:26
11742,30.6,82.5,4927.64,2026-04-27 22:48:28
11743,30.6,82.5,4636.28,2026-04-27 22:48:30
11744,30.6,82.4,5559.23,2026-04-27 22:48:32
11745,30.6,82.5,4868.12,2026-04-27 22:48:34
11746,30.6,82.3,6564.21,2026-04-27 22:48:36
11747,30.6,82.4,4468.82,2026-04-27 22:48:38
11748,30.7,82.4,4750.96,2026-04-27 22:48:40
11749,30.6,82.5,4750.96,2026-04-27 22:48:42
11750,30.6,82.7,5048.63,2026-04-27 22:48:44
11751,30.6,82.4,4693.31,2026-04-27 22:48:46
11752,30.6,82.4,5110.09,2026-04-27 22:48:48
11753,30.6,82.6,4636.28,2026-04-27 22:48:50
11754,30.6,82.5,5298.49,2026-04-27 22:48:52
11755,30.6,82.5,4579.86,2026-04-27 22:48:54
11756,30.6,82.7,4524.04,2026-04-27 22:48:56
11757,30.6,82.6,4414.19,2026-04-27 22:48:58
11758,30.6,82.5,5110.09,2026-04-27 22:49:00
11759,30.6,82.6,4524.04,2026-04-27 22:49:02
11760,30.6,82.6,4868.12,2026-04-27 22:49:04
11761,30.6,82.6,5559.23,2026-04-27 22:49:06
11762,30.6,82.6,4750.96,2026-04-27 22:49:08
11763,30.6,82.6,5427.47,2026-04-27 22:49:10
11764,30.6,82.6,5362.63,2026-04-27 22:49:12
11765,30.6,82.6,5048.63,2026-04-27 22:49:14
11766,30.6,82.4,5298.49,2026-04-27 22:49:16
11767,30.5,82.4,5831.31,2026-04-27 22:49:18
11768,30.6,82.4,4927.64,2026-04-27 22:49:20
11769,30.6,82.6,5298.49,2026-04-27 22:49:22
11770,30.6,82.5,5298.49,2026-04-27 22:49:24
11771,30.6,82.5,4868.12,2026-04-27 22:49:26
11772,30.5,82.5,4927.64,2026-04-27 22:49:28
11773,30.6,82.6,5693.82,2026-04-27 22:49:30
11774,30.6,82.5,5559.23,2026-04-27 22:49:32
11775,30.5,82.6,8002.23,2026-04-27 22:49:34
11776,30.5,82.7,5626.17,2026-04-27 22:49:36
11777,30.5,82.6,5235.02,2026-04-27 22:49:38
11778,30.5,82.6,5626.17,2026-04-27 22:49:40
11779,30.6,82.6,4927.64,2026-04-27 22:49:42
11780,30.6,82.6,5831.31,2026-04-27 22:49:44
11781,30.6,82.6,5172.22,2026-04-27 22:49:46
11782,30.6,82.6,4868.12,2026-04-27 22:49:48
11783,30.6,82.7,5298.49,2026-04-27 22:49:50
11784,30.5,82.7,5693.82,2026-04-27 22:49:52
11785,30.6,82.6,5235.02,2026-04-27 22:49:54
11786,30.6,82.7,5831.31,2026-04-27 22:49:56
11787,30.6,82.7,5048.63,2026-04-27 22:49:58
11788,30.6,82.7,4636.28,2026-04-27 22:50:00
11789,30.5,82.7,5048.63,2026-04-27 22:50:02
11790,30.6,82.8,5626.17,2026-04-27 22:50:04
11791,30.5,82.7,5693.82,2026-04-27 22:50:06
11792,30.5,82.6,1570.5,2026-04-27 22:50:08
11793,30.6,82.7,5298.49,2026-04-27 22:50:10
11794,30.5,82.7,6115.19,2026-04-27 22:50:12
11795,30.5,82.8,4693.31,2026-04-27 22:50:14
11796,30.5,82.7,5901.15,2026-04-27 22:50:16
11797,30.5,82.7,5831.31,2026-04-27 22:50:18
11798,30.5,82.8,5971.74,2026-04-27 22:50:20
11799,30.5,82.7,1570.5,2026-04-27 22:50:22
11800,30.5,82.8,5831.31,2026-04-27 22:50:24
11801,30.6,82.7,5762.2,2026-04-27 22:50:26
11802,30.5,82.8,6188.06,2026-04-27 22:50:28
11803,30.5,82.8,5626.17,2026-04-27 22:50:30
11804,30.5,82.7,5493.0,2026-04-27 22:50:32
11805,30.5,82.8,0.0,2026-04-27 22:50:34
11806,30.5,82.8,3570.41,2026-04-27 22:50:36
11807,30.5,82.8,5559.23,2026-04-27 22:50:38
11808,30.5,82.8,5427.47,2026-04-27 22:50:40
11809,30.5,82.8,5048.63,2026-04-27 22:50:42
11810,30.5,82.8,5298.49,2026-04-27 22:50:44
11811,30.5,82.9,4750.96,2026-04-27 22:50:46
11812,30.5,82.8,5971.74,2026-04-27 22:50:48
11813,30.5,82.9,4524.04,2026-04-27 22:50:50
11814,30.5,82.9,8002.23,2026-04-27 22:50:52
11815,30.5,82.9,5110.09,2026-04-27 22:50:54
11816,30.5,82.9,5762.2,2026-04-27 22:50:56
11817,30.6,82.9,3708.23,2026-04-27 22:50:58
11818,30.5,82.8,6411.36,2026-04-27 22:51:00
11819,30.5,82.8,5559.23,2026-04-27 22:51:02
11820,30.5,82.9,5626.17,2026-04-27 22:51:04
11821,30.5,82.8,4750.96,2026-04-27 22:51:06
11822,30.5,82.8,5298.49,2026-04-27 22:51:08
11823,30.5,82.8,5235.02,2026-04-27 22:51:10
11824,30.5,82.9,5901.15,2026-04-27 22:51:12
11825,30.5,82.7,8976.27,2026-04-27 22:51:14
11826,30.5,82.7,4524.04,2026-04-27 22:51:16
11827,30.5,82.7,0.0,2026-04-27 22:51:18
11828,30.4,82.7,5298.49,2026-04-27 22:51:20
11829,30.5,82.9,5493.0,2026-04-27 22:51:22
11830,30.5,83.0,5559.23,2026-04-27 22:51:24
11831,30.5,83.0,4987.81,2026-04-27 22:51:26
11832,30.4,82.9,5110.09,2026-04-27 22:51:28
11833,30.4,83.0,5831.31,2026-04-27 22:51:30
11834,30.4,83.2,6043.09,2026-04-27 22:51:32
11835,30.4,83.1,5831.31,2026-04-27 22:51:36
11836,30.4,83.2,5172.22,2026-04-27 22:51:38
11837,30.4,83.1,5362.63,2026-04-27 22:51:40
11838,30.4,83.1,5110.09,2026-04-27 22:51:42
11839,30.4,83.2,5626.17,2026-04-27 22:51:44
11840,30.4,83.4,5362.63,2026-04-27 22:51:46
11841,30.4,83.3,5172.22,2026-04-27 22:51:48
11842,30.4,83.3,5493.0,2026-04-27 22:51:50
11843,30.4,83.3,6261.71,2026-04-27 22:51:52
11844,30.4,83.1,5901.15,2026-04-27 22:51:54
11845,30.4,83.2,5427.47,2026-04-27 22:51:56
11846,30.4,83.2,5235.02,2026-04-27 22:51:58
11847,30.4,83.3,5901.15,2026-04-27 22:52:00
11848,30.4,83.4,5493.0,2026-04-27 22:52:02
11849,30.4,83.3,6188.06,2026-04-27 22:52:04
11850,30.4,83.4,5693.82,2026-04-27 22:52:06
11851,30.4,83.7,4524.04,2026-04-27 22:52:08
11852,30.4,83.6,6641.85,2026-04-27 22:52:10
11853,30.4,83.4,5172.22,2026-04-27 22:52:12
11854,30.4,83.4,5493.0,2026-04-27 22:52:14
11855,30.4,83.4,4636.28,2026-04-27 22:52:16
11856,30.4,83.5,3708.23,2026-04-27 22:52:18
11857,30.4,83.4,4636.28,2026-04-27 22:52:20
11858,30.4,83.5,0.0,2026-04-27 22:52:22
11859,30.4,83.5,4524.04,2026-04-27 22:52:24
11860,30.4,84.0,4579.86,2026-04-27 22:52:26
11861,30.4,83.7,5048.63,2026-04-27 22:52:28
11862,30.4,83.5,4636.28,2026-04-27 22:52:30
11863,30.4,83.5,5172.22,2026-04-27 22:52:32
11864,30.4,83.5,5172.22,2026-04-27 22:52:34
11865,30.4,83.5,9611.64,2026-04-27 22:52:36
11866,30.4,83.4,5427.47,2026-04-27 22:52:38
11867,30.4,83.3,5559.23,2026-04-27 22:52:40
11868,30.4,83.4,3708.23,2026-04-27 22:52:42
11869,30.5,83.3,4750.96,2026-04-27 22:52:44
11870,30.4,83.3,5235.02,2026-04-27 22:52:46
11871,30.4,83.2,6188.06,2026-04-27 22:52:48
11872,30.4,83.3,5048.63,2026-04-27 22:52:50
11873,30.4,83.2,6188.06,2026-04-27 22:52:52
11874,30.4,83.2,4468.82,2026-04-27 22:52:54
11875,30.4,83.3,0.0,2026-04-27 22:52:56
11876,30.4,83.3,4927.64,2026-04-27 22:52:58
11877,30.4,83.2,0.0,2026-04-27 22:53:00
11878,30.4,83.2,4927.64,2026-04-27 22:53:02
11879,30.4,83.3,5493.0,2026-04-27 22:53:04
11880,30.4,83.1,4636.28,2026-04-27 22:53:06
11881,30.5,83.1,5110.09,2026-04-27 22:53:08
11882,30.4,83.2,4868.12,2026-04-27 22:53:10
11883,30.4,83.2,4809.22,2026-04-27 22:53:12
11884,30.4,83.2,1570.5,2026-04-27 22:53:14
11885,30.4,83.2,0.0,2026-04-27 22:53:16
11886,30.4,83.2,5172.22,2026-04-27 22:53:18
11887,30.4,83.2,5362.63,2026-04-27 22:53:20
11888,30.4,83.2,5298.49,2026-04-27 22:53:22
11889,30.4,83.2,5831.31,2026-04-27 22:53:24
11890,30.5,83.3,6641.85,2026-04-27 22:53:26
11891,30.4,83.2,4927.64,2026-04-27 22:53:28
11892,30.4,83.3,5831.31,2026-04-27 22:53:30
11893,30.4,83.2,5298.49,2026-04-27 22:53:32
11894,30.4,83.1,5493.0,2026-04-27 22:53:34
11895,30.4,83.3,6564.21,2026-04-27 22:53:36
11896,30.4,83.3,5971.74,2026-04-27 22:53:38
11897,30.4,83.2,6043.09,2026-04-27 22:53:40
11898,30.4,83.1,6261.71,2026-04-27 22:53:42
11899,30.5,83.2,5693.82,2026-04-27 22:53:44
11900,30.4,83.2,5901.15,2026-04-27 22:53:46
11901,30.5,83.1,5235.02,2026-04-27 22:53:48
11902,30.4,83.2,5693.82,2026-04-27 22:53:50
11903,30.5,83.2,5626.17,2026-04-27 22:53:52
11904,30.4,83.1,5559.23,2026-04-27 22:53:54
11905,30.5,83.0,5626.17,2026-04-27 22:53:56
11906,30.4,83.1,6188.06,2026-04-27 22:53:58
11907,30.4,83.1,5762.2,2026-04-27 22:54:00
11908,30.4,83.2,5559.23,2026-04-27 22:54:02
11909,30.4,83.2,6188.06,2026-04-27 22:54:04
11910,30.5,83.1,6261.71,2026-04-27 22:54:06
11911,30.5,83.1,13313.5,2026-04-27 22:54:08
11912,30.4,83.2,5298.49,2026-04-27 22:54:10
11913,30.5,83.1,5971.74,2026-04-27 22:54:14
11914,30.5,83.1,6188.06,2026-04-27 22:54:16
11915,30.4,83.1,5427.47,2026-04-27 22:54:18
11916,30.5,83.2,0.0,2026-04-27 22:54:20
11917,30.5,83.1,5298.49,2026-04-27 22:54:22
11918,30.4,83.0,5493.0,2026-04-27 22:54:24
11919,30.5,83.1,5559.23,2026-04-27 22:54:26
11920,30.5,83.0,6261.71,2026-04-27 22:54:28
11921,30.4,83.1,6411.36,2026-04-27 22:54:30
11922,30.5,83.1,5298.49,2026-04-27 22:54:32
11923,30.5,83.1,5971.74,2026-04-27 22:54:34
11924,30.4,83.2,4809.22,2026-04-27 22:54:36
11925,30.4,83.0,6336.14,2026-04-27 22:54:38
11926,30.4,83.2,5298.49,2026-04-27 22:54:40
11927,30.5,83.1,6641.85,2026-04-27 22:54:42
11928,30.4,83.2,5693.82,2026-04-27 22:54:44
11929,30.5,83.0,5693.82,2026-04-27 22:54:46
11930,30.5,83.1,5626.17,2026-04-27 22:54:48
11931,30.5,83.1,5626.17,2026-04-27 22:54:50
11932,30.5,83.0,4414.19,2026-04-27 22:54:52
11933,30.5,83.1,5110.09,2026-04-27 22:54:54
11934,30.5,83.2,5493.0,2026-04-27 22:54:56
11935,30.5,83.1,5971.74,2026-04-27 22:54:58
11936,30.5,83.0,5493.0,2026-04-27 22:55:00
11937,30.5,83.0,4868.12,2026-04-27 22:55:02
11938,30.5,83.0,5693.82,2026-04-27 22:55:04
11939,30.5,83.1,5298.49,2026-04-27 22:55:06
11940,30.5,83.1,5493.0,2026-04-27 22:55:08
11941,30.5,83.1,5693.82,2026-04-27 22:55:10
11942,30.5,83.1,6487.38,2026-04-27 22:55:12
11943,30.5,83.0,5626.17,2026-04-27 22:55:15
11944,30.5,83.0,5831.31,2026-04-27 22:55:17
11945,30.5,83.1,5362.63,2026-04-27 22:55:19
11946,30.5,83.0,5493.0,2026-04-27 22:55:21
11947,30.5,83.0,4524.04,2026-04-27 22:55:23
11948,30.5,83.1,7910.33,2026-04-27 22:55:25
11949,30.5,83.1,5559.23,2026-04-27 22:55:27
11950,30.5,83.0,6411.36,2026-04-27 22:55:29
11951,30.5,83.0,6641.85,2026-04-27 22:55:31
11952,30.5,83.1,5362.63,2026-04-27 22:55:33
11953,30.5,83.1,5559.23,2026-04-27 22:55:35
11954,30.5,83.1,5110.09,2026-04-27 22:55:37
11955,30.5,83.0,13020.6,2026-04-27 22:55:39
11956,30.5,83.0,5427.47,2026-04-27 22:55:41
11957,30.5,83.0,5901.15,2026-04-27 22:55:43
11958,30.5,82.9,5172.22,2026-04-27 22:55:45
11959,30.5,83.0,5831.31,2026-04-27 22:55:47
11960,30.5,83.0,18941.0,2026-04-27 22:55:49
11961,30.5,83.0,6261.71,2026-04-27 22:55:51
11962,30.5,83.0,5172.22,2026-04-27 22:55:53
11963,30.5,82.9,4693.31,2026-04-27 22:55:55
11964,30.5,82.9,5110.09,2026-04-27 22:55:57
11965,30.5,82.9,5693.82,2026-04-27 22:55:59
11966,30.5,83.0,5493.0,2026-04-27 22:56:01
11967,30.5,83.0,0.0,2026-04-27 22:56:03
11968,30.5,82.9,5110.09,2026-04-27 22:56:05
11969,30.5,82.9,5901.15,2026-04-27 22:56:07
11970,30.5,83.0,2514.96,2026-04-27 22:56:09
11971,30.5,83.0,5831.31,2026-04-27 22:56:11
11972,30.5,83.1,5901.15,2026-04-27 22:56:13
11973,30.5,83.0,5427.47,2026-04-27 22:56:15
11974,30.5,83.0,4987.81,2026-04-27 22:56:16
11975,30.5,83.0,5048.63,2026-04-27 22:56:18
11976,30.5,83.0,5693.82,2026-04-27 22:56:20
11977,30.5,82.9,5048.63,2026-04-27 22:56:22
11978,30.5,83.0,3708.23,2026-04-27 22:56:24
11979,30.5,83.0,5559.23,2026-04-27 22:56:26
11980,30.5,83.0,5427.47,2026-04-27 22:56:28
11981,30.5,83.0,5762.2,2026-04-27 22:56:30
11982,30.6,82.9,5298.49,2026-04-27 22:56:31
11983,30.5,82.9,5362.63,2026-04-27 22:56:33
11984,30.5,83.0,5362.63,2026-04-27 22:56:35
11985,30.5,83.0,5626.17,2026-04-27 22:56:37
11986,30.5,83.0,5110.09,2026-04-27 22:56:39
11987,30.5,82.9,5427.47,2026-04-27 22:56:41
11988,30.5,82.9,5493.0,2026-04-27 22:56:43
11989,30.5,82.9,5298.49,2026-04-27 22:56:45
11990,30.5,83.0,5298.49,2026-04-27 22:56:47
11991,30.5,82.9,5901.15,2026-04-27 22:56:49
11992,30.5,82.9,5762.2,2026-04-27 22:56:51
11993,30.6,82.9,0.0,2026-04-27 22:56:53
11994,30.5,83.0,5172.22,2026-04-27 22:56:55
11995,30.5,83.1,5693.82,2026-04-27 22:56:59
11996,30.5,83.0,4253.79,2026-04-27 22:57:01
11997,30.5,83.0,5172.22,2026-04-27 22:57:03
11998,30.5,83.0,6261.71,2026-04-27 22:57:05
11999,30.5,83.1,5901.15,2026-04-27 22:57:07
12000,30.5,83.0,5693.82,2026-04-27 22:57:09
12001,30.5,82.9,6641.85,2026-04-27 22:57:11
12002,30.5,83.0,4868.12,2026-04-27 22:57:13
12003,30.5,83.0,38.11,2026-04-27 22:57:15
12004,30.5,83.0,5172.22,2026-04-27 22:57:17
12005,30.5,83.1,6115.19,2026-04-27 22:57:18
12006,30.5,83.1,5048.63,2026-04-27 22:57:19
12007,30.5,83.0,5493.0,2026-04-27 22:57:20
12008,30.5,83.0,5831.31,2026-04-27 22:57:21
12009,30.5,83.0,5172.22,2026-04-27 22:57:23
12010,30.5,83.0,5362.63,2026-04-27 22:57:25
12011,30.5,82.9,6043.09,2026-04-27 22:57:27
12012,30.5,83.2,5427.47,2026-04-27 22:57:29
12013,30.5,83.0,5362.63,2026-04-27 22:57:31
12014,30.6,82.9,3708.23,2026-04-27 22:57:33
12015,30.5,83.1,5559.23,2026-04-27 22:57:34
12016,30.6,82.9,5427.47,2026-04-27 22:57:36
12017,30.6,83.0,5762.2,2026-04-27 22:57:38
12018,30.6,83.1,4201.47,2026-04-27 22:57:40
12019,30.5,82.9,0.0,2026-04-27 22:57:42
12020,30.5,83.0,4360.15,2026-04-27 22:57:44
12021,30.5,82.9,5831.31,2026-04-27 22:57:46
12022,30.6,83.0,5298.49,2026-04-27 22:57:48
12023,30.5,82.9,5901.15,2026-04-27 22:57:52
12024,30.6,82.9,5110.09,2026-04-27 22:57:54
12025,30.6,83.0,5298.49,2026-04-27 22:57:56
12026,30.5,82.9,3997.73,2026-04-27 22:57:58
12027,30.5,82.9,5048.63,2026-04-27 22:58:00
12028,30.5,83.0,4868.12,2026-04-27 22:58:02
12029,30.6,83.0,5493.0,2026-04-27 22:58:04
12030,30.5,83.0,4524.04,2026-04-27 22:58:06
12031,30.6,83.0,5559.23,2026-04-27 22:58:08
12032,30.6,83.0,2945.38,2026-04-27 22:58:10
12033,30.6,82.9,6261.71,2026-04-27 22:58:12
12034,30.5,82.9,6188.06,2026-04-27 22:58:14
12035,30.6,82.9,6564.21,2026-04-27 22:58:16
12036,30.6,82.9,0.0,2026-04-27 22:58:18
12037,30.6,82.9,5427.47,2026-04-27 22:58:20
12038,30.5,82.9,5362.63,2026-04-27 22:58:22
12039,30.6,82.9,4201.47,2026-04-27 22:58:24
12040,30.6,82.9,6188.06,2026-04-27 22:58:26
12041,30.5,82.9,6487.38,2026-04-27 22:58:28
12042,30.5,82.9,6188.06,2026-04-27 22:58:30
12043,30.6,83.1,5362.63,2026-04-27 22:58:32
12044,30.6,82.9,6188.06,2026-04-27 22:58:34
12045,30.5,83.0,5559.23,2026-04-27 22:58:36
12046,30.6,83.1,5559.23,2026-04-27 22:58:38
12047,30.6,83.0,4927.64,2026-04-27 22:58:40
12048,30.6,82.9,6641.85,2026-04-27 22:58:42
12049,30.6,83.0,5831.31,2026-04-27 22:58:44
12050,30.5,83.0,5427.47,2026-04-27 22:58:46
12051,30.6,83.0,4360.15,2026-04-27 22:58:48
12052,30.6,82.8,3708.23,2026-04-27 22:58:50
12053,30.6,82.9,6188.06,2026-04-27 22:58:52
12054,30.6,83.0,6336.14,2026-04-27 22:58:54
12055,30.6,83.0,5493.0,2026-04-27 22:58:56
12056,30.5,83.1,4306.68,2026-04-27 22:58:58
12057,30.5,83.0,6261.71,2026-04-27 22:59:00
12058,30.6,83.1,5235.02,2026-04-27 22:59:02
12059,30.6,83.0,5235.02,2026-04-27 22:59:04
12060,30.5,83.1,5048.63,2026-04-27 22:59:06
12061,30.6,83.0,6411.36,2026-04-27 22:59:08
12062,30.6,83.1,6043.09,2026-04-27 22:59:10
12063,30.6,83.1,5559.23,2026-04-27 22:59:12
12064,30.6,83.0,5172.22,2026-04-27 22:59:14
12065,30.6,83.1,5362.63,2026-04-27 22:59:16
12066,30.6,83.1,5048.63,2026-04-27 22:59:18
12067,30.6,83.1,0.0,2026-04-27 22:59:20
12068,30.6,83.0,5362.63,2026-04-27 22:59:22
12069,30.5,83.0,4927.64,2026-04-27 22:59:24
12070,30.5,83.1,1570.5,2026-04-27 22:59:26
12071,30.6,83.1,3708.23,2026-04-27 22:59:28
12072,30.6,83.1,4253.79,2026-04-27 22:59:30
12073,30.6,83.1,5626.17,2026-04-27 22:59:32
12074,30.6,83.1,5626.17,2026-04-27 22:59:34
12075,30.6,83.0,5362.63,2026-04-27 22:59:36
12076,30.6,83.0,6879.77,2026-04-27 22:59:38
12077,30.6,83.2,6261.71,2026-04-27 22:59:40
12078,30.5,83.2,5693.82,2026-04-27 22:59:42
12079,30.6,83.2,5362.63,2026-04-27 22:59:44
12080,30.6,83.1,4809.22,2026-04-27 22:59:46
12081,30.6,83.1,0.0,2026-04-27 22:59:48
12082,30.5,83.1,4524.04,2026-04-27 22:59:50
12083,30.6,83.1,5110.09,2026-04-27 22:59:52
12084,30.6,83.2,5559.23,2026-04-27 22:59:54
12085,30.6,83.2,5762.2,2026-04-27 22:59:56
12086,30.5,83.1,4868.12,2026-04-27 22:59:58
12087,30.5,83.1,5362.63,2026-04-27 23:00:00
12088,30.6,83.1,5559.23,2026-04-27 23:00:02
12089,30.5,83.2,5427.47,2026-04-27 23:00:04
12090,30.6,83.1,4360.15,2026-04-27 23:00:06
12091,30.6,83.2,5235.02,2026-04-27 23:00:08
12092,30.5,83.2,4868.12,2026-04-27 23:00:10
12093,30.6,83.2,5362.63,2026-04-27 23:00:12
12094,30.6,83.0,5559.23,2026-04-27 23:00:14
12095,30.5,83.1,5172.22,2026-04-27 23:00:16
12096,30.5,83.2,5048.63,2026-04-27 23:00:18
12097,30.5,83.1,0.0,2026-04-27 23:00:20
12098,30.5,83.1,5048.63,2026-04-27 23:00:22
12099,30.6,83.1,4927.64,2026-04-27 23:00:24
12100,30.6,83.3,4579.86,2026-04-27 23:00:26
12101,30.6,83.2,5298.49,2026-04-27 23:00:28
12102,30.5,83.2,5559.23,2026-04-27 23:00:30
12103,30.5,83.2,4579.86,2026-04-27 23:00:32
12104,30.6,83.2,5971.74,2026-04-27 23:00:34
12105,30.6,83.2,5362.63,2026-04-27 23:00:36
12106,30.6,83.2,5427.47,2026-04-27 23:00:38
12107,30.5,83.3,4750.96,2026-04-27 23:00:40
12108,30.5,83.2,5235.02,2026-04-27 23:00:42
12109,30.6,83.2,4360.15,2026-04-27 23:00:44
12110,30.5,83.2,1570.5,2026-04-27 23:00:46
12111,30.5,83.1,4306.68,2026-04-27 23:00:48
12112,30.6,83.2,3948.16,2026-04-27 23:00:50
12113,30.6,83.0,0.0,2026-04-27 23:00:52
12114,30.6,83.1,13764.5,2026-04-27 23:00:54
12115,30.6,83.0,5110.09,2026-04-27 23:00:56
12116,30.5,83.1,4201.47,2026-04-27 23:00:58
12117,30.5,83.1,5901.15,2026-04-27 23:01:00
12118,30.5,83.1,5298.49,2026-04-27 23:01:02
12119,30.5,83.0,5048.63,2026-04-27 23:01:04
12120,30.5,83.1,5626.17,2026-04-27 23:01:06
12121,30.5,83.0,5172.22,2026-04-27 23:01:08
12122,30.6,83.1,5427.47,2026-04-27 23:01:10
12123,30.5,83.2,5110.09,2026-04-27 23:01:12
12124,30.5,83.0,5172.22,2026-04-27 23:01:14
12125,30.5,83.2,0.0,2026-04-27 23:01:16
12126,30.5,83.2,4306.68,2026-04-27 23:01:18
12127,30.5,83.2,5427.47,2026-04-27 23:01:20
12128,30.6,83.1,3481.01,2026-04-27 23:01:22
12129,30.5,83.2,3708.23,2026-04-27 23:01:24
12130,30.5,83.1,7125.33,2026-04-27 23:01:26
12131,30.5,83.1,5110.09,2026-04-27 23:01:28
12132,30.5,83.1,5693.82,2026-04-27 23:01:30
12133,30.5,83.1,4750.96,2026-04-27 23:01:32
12134,30.5,83.1,5235.02,2026-04-27 23:01:34
12135,30.5,83.2,4809.22,2026-04-27 23:01:36
12136,30.6,83.2,5626.17,2026-04-27 23:01:38
12137,30.5,83.2,5362.63,2026-04-27 23:01:40
12138,30.6,83.2,5901.15,2026-04-27 23:01:42
12139,30.5,83.1,163717.0,2026-04-27 23:01:44
12140,30.6,83.1,3224.26,2026-04-27 23:01:46
12141,30.5,83.2,5235.02,2026-04-27 23:01:48
12142,30.5,83.1,4636.28,2026-04-27 23:01:50
12143,30.5,83.1,4868.12,2026-04-27 23:01:52
12144,30.5,83.1,5971.74,2026-04-27 23:01:54
12145,30.6,83.2,4809.22,2026-04-27 23:01:56
12146,30.5,83.2,5693.82,2026-04-27 23:01:58
12147,30.6,83.0,5110.09,2026-04-27 23:02:00
12148,30.5,83.1,3615.85,2026-04-27 23:02:02
12149,30.5,83.1,4524.04,2026-04-27 23:02:04
12150,30.5,83.1,5626.17,2026-04-27 23:02:08
12151,30.5,83.2,4987.81,2026-04-27 23:02:10
12152,30.6,83.1,3022.87,2026-04-27 23:02:12
12153,30.5,83.2,5559.23,2026-04-27 23:02:14
12154,30.5,83.1,5901.15,2026-04-27 23:02:16
12155,30.5,83.0,5172.22,2026-04-27 23:02:18
12156,30.5,83.2,5493.0,2026-04-27 23:02:20
12157,30.5,83.1,165655.0,2026-04-27 23:02:22
12158,30.5,83.1,5235.02,2026-04-27 23:02:24
12159,30.6,83.1,5235.02,2026-04-27 23:02:26
12160,30.6,83.1,5559.23,2026-04-27 23:02:28
12161,30.5,83.2,4927.64,2026-04-27 23:02:30
12162,30.5,83.1,4987.81,2026-04-27 23:02:32
12163,30.5,83.1,5626.17,2026-04-27 23:02:34
12164,30.5,83.1,4927.64,2026-04-27 23:02:36
12165,30.6,83.2,4927.64,2026-04-27 23:02:38
12166,30.5,83.0,5048.63,2026-04-27 23:02:40
12167,30.5,83.0,5831.31,2026-04-27 23:02:42
12168,30.5,83.1,5298.49,2026-04-27 23:02:44
12169,30.5,83.0,5235.02,2026-04-27 23:02:46
